﻿<?xml version="1.0" encoding="utf-8" ?>
<DataSet Title="World Population">
  <!-- http://en.wikipedia.org/wiki/World_population -->
  <!--<Data Year="-70000" Population="300"/>-->
  <Data Year="-10000" Population="1.000"/>
  <Data Year="-9000" Population="3.000"/>
  <Data Year="-8000" Population="5.000"/>
  <Data Year="-7000" Population="7.000"/>
  <Data Year="-6000" Population="10.000"/>
  <Data Year="-5000" Population="15.000"/>
  <Data Year="-4000" Population="20.000"/>
  <Data Year="-3000" Population="25.000"/>
  <Data Year="-2000" Population="35.000"/>
  <Data Year="-1000" Population="50.000"/>
  <Data Year="-500" Population="100.000"/>
  <Data Year="1"    Population="200.000"/>
  <Data Year="1000" Population="310.000"/>
  <Data Year="1750" Population="791.000"/>
  <Data Year="1800" Population="978.000"/>
  <Data Year="1850" Population="1262.000"/>
  <Data Year="1900" Population="1650.000"/>
  <Data Year="1950" Population="2518.629"/>
  <Data Year="1955" Population="2755.823"/>
  <Data Year="1960" Population="2981.659"/>
  <Data Year="1965" Population="3334.874"/>
  <Data Year="1970" Population="3692.492"/>
  <Data Year="1975" Population="4068.109"/>
  <Data Year="1980" Population="4434.682"/>
  <Data Year="1985" Population="4830.979"/>
  <Data Year="1990" Population="5263.593"/>
  <Data Year="1995" Population="5674.380"/>
  <Data Year="2000" Population="6070.581"/>
  <Data Year="2005" Population="6453.628"/>
  <Data Year="2008" Population="6706.993"/>
</DataSet>
